<?xml version="1.0" encoding="UTF-8"?>
<project-private xmlns="http://www.netbeans.org/ns/project-private/1">
    <editor-bookmarks xmlns="http://www.netbeans.org/ns/editor-bookmarks/2" lastBookmarkId="0"/>
    <open-files xmlns="http://www.netbeans.org/ns/projectui-open-files/2">
        <group>
            <file>file:/home/hpd/20171/itss_ptpm/isd.vn.20171-04/Project/test/com/library/test/hien/Hien_Main.java</file>
            <file>file:/home/hpd/20171/itss_ptpm/isd.vn.20171-04/Project/src/com/library/controllers/borrowers/BorrowerMenuController.java</file>
            <file>file:/home/hpd/20171/itss_ptpm/isd.vn.20171-04/Project/src/com/library/views/librarians/SearchRegisterBorrowedView.java</file>
            <file>file:/home/hpd/20171/itss_ptpm/isd.vn.20171-04/Project/src/com/library/controllers/borrowers/BookCartController.java</file>
            <file>file:/home/hpd/20171/itss_ptpm/isd.vn.20171-04/Project/src/com/library/models/BookCartModel.java</file>
            <file>file:/home/hpd/20171/itss_ptpm/isd.vn.20171-04/Project/src/com/library/views/borrowers/FrameView.java</file>
        </group>
    </open-files>
</project-private>
